lsoa_code,borough,major_category,minor_category,value,year,month
E01001116,Croydon,Burglary,Burglary in Other Buildings,0,2016,11
E01001646,Greenwich,Violence Against the Person,Other violence,0,2016,11
E01000677,Bromley,Violence Against the Person,Other violence,0,2015,5
E01003774,Redbridge,Burglary,Burglary in Other Buildings,0,2016,3
E01004563,Wandsworth,Robbery,Personal Property,0,2008,6
E01001320,Ealing,Theft and Handling,Other Theft,0,2012,5
E01001342,Ealing,Violence Against the Person,Offensive Weapon,0,2010,7
E01002633,Hounslow,Robbery,Personal Property,0,2013,4
E01003496,Newham,Criminal Damage,Criminal Damage To Other Building,0,2013,9
E01004177,Sutton,Theft and Handling,Theft/Taking of Pedal Cycle,1,2016,8
E01001985,Haringey,Theft and Handling,Motor Vehicle Interference & Tampering,0,2013,12
E01003076,Lambeth,Violence Against the Person,Other violence,0,2015,4
E01003852,Richmond upon Thames,Robbery,Personal Property,0,2014,1
E01004547,Wandsworth,Violence Against the Person,Offensive Weapon,0,2011,10
E01002398,Hillingdon,Theft and Handling,Theft/Taking Of Motor Vehicle,0,2016,2
E01002358,Havering,Violence Against the Person,Wounding/GBH,0,2012,2
E01000086,Barking and Dagenham,Theft and Handling,Other Theft Person,1,2009,5
E01003708,Redbridge,Violence Against the Person,Common Assault,0,2009,6
E01002945,Kingston upon Thames,Theft and Handling,Theft From Shops,0,2016,11
E01004195,Sutton,Drugs,Possession Of Drugs,0,2009,10
E01003651,Redbridge,Violence Against the Person,Harassment,0,2012,2
E01004660,Westminster,Theft and Handling,Handling Stolen Goods,0,2012,2
E01001786,Hackney,Criminal Damage,Criminal Damage To Dwelling,0,2011,6
E01001432,Enfield,Drugs,Possession Of Drugs,0,2011,5
E01001301,Ealing,Theft and Handling,Other Theft Person,2,2012,1
E01001794,Hackney,Violence Against the Person,Harassment,1,2013,2
E01002195,Harrow,Theft and Handling,Theft/Taking Of Motor Vehicle,0,2012,3
E01001201,Ealing,Violence Against the Person,Other violence,0,2012,11
E01001972,Haringey,Violence Against the Person,Wounding/GBH,0,2015,12
E01003325,Lewisham,Violence Against the Person,Common Assault,0,2016,2
E01001317,Ealing,Burglary,Burglary in a Dwelling,0,2013,9
E01002634,Hounslow,Criminal Damage,Criminal Damage To Motor Vehicle,0,2015,2
E01000733,Bromley,Criminal Damage,Criminal Damage To Motor Vehicle,1,2016,4
E01032741,Havering,Violence Against the Person,Harassment,0,2008,1
E01002533,Hillingdon,Violence Against the Person,Offensive Weapon,0,2008,10
E01000503,Brent,Theft and Handling,Theft From Shops,0,2010,1
E01002006,Haringey,Criminal Damage,Criminal Damage To Other Building,0,2016,12
E01002595,Hounslow,Criminal Damage,Other Criminal Damage,0,2010,12
E01003067,Lambeth,Theft and Handling,Handling Stolen Goods,0,2010,8
E01003947,Southwark,Drugs,Possession Of Drugs,0,2015,3
E01002360,Havering,Fraud or Forgery,Counted per Victim,0,2015,11
E01003583,Newham,Violence Against the Person,Harassment,3,2009,5
E01001029,Croydon,Drugs,Possession Of Drugs,0,2010,12
E01001193,Croydon,Theft and Handling,Other Theft,1,2014,5
E01000280,Barnet,Theft and Handling,Theft/Taking Of Motor Vehicle,0,2014,3
E01004436,Waltham Forest,Other Notifiable Offences,Going Equipped,0,2015,2
E01004678,Westminster,Criminal Damage,Other Criminal Damage,0,2008,11
E01003064,Lambeth,Theft and Handling,Theft From Shops,0,2013,7
E01003238,Lewisham,Violence Against the Person,Other violence,0,2009,3
E01000713,Bromley,Violence Against the Person,Offensive Weapon,0,2009,12
E01001206,Ealing,Robbery,Personal Property,0,2015,7
E01000606,Brent,Theft and Handling,Motor Vehicle Interference & Tampering,0,2015,9
E01002022,Haringey,Theft and Handling,Theft/Taking Of Motor Vehicle,0,2010,3
E01000869,Camden,Burglary,Burglary in Other Buildings,0,2013,3
E01000455,Bexley,Theft and Handling,Theft/Taking Of Motor Vehicle,1,2008,5
E01001171,Croydon,Violence Against the Person,Offensive Weapon,0,2012,12
E01003211,Lewisham,Theft and Handling,Other Theft Person,0,2009,12
E01033083,Hounslow,Violence Against the Person,Wounding/GBH,2,2015,8
E01000893,Camden,Theft and Handling,Theft/Taking Of Motor Vehicle,0,2012,9
E01002858,Kensington and Chelsea,Fraud or Forgery,Counted per Victim,0,2009,12
E01002678,Hounslow,Other Notifiable Offences,Going Equipped,0,2008,1
E01003191,Lewisham,Theft and Handling,Theft/Taking Of Motor Vehicle,0,2008,4
E01002977,Kingston upon Thames,Theft and Handling,Theft/Taking Of Motor Vehicle,1,2012,3
E01000510,Brent,Theft and Handling,Theft/Taking of Pedal Cycle,0,2014,9
E01003989,Southwark,Theft and Handling,Theft From Shops,4,2016,8
E01002122,Harrow,Fraud or Forgery,Other Fraud & Forgery,0,2015,2
E01000808,Bromley,Robbery,Personal Property,0,2014,6
E01003019,Lambeth,Violence Against the Person,Assault with Injury,2,2008,5
E01004346,Waltham Forest,Theft and Handling,Motor Vehicle Interference & Tampering,0,2016,3
E01002772,Islington,Drugs,Drug Trafficking,0,2012,11
E01004048,Southwark,Violence Against the Person,Common Assault,0,2008,8
E01003547,Newham,Criminal Damage,Criminal Damage To Dwelling,0,2015,1
E01000172,Barnet,Violence Against the Person,Other violence,0,2015,12
E01000586,Brent,Fraud or Forgery,Counted per Victim,0,2009,10
E01032513,Westminster,Violence Against the Person,Wounding/GBH,0,2009,9
E01001600,Greenwich,Burglary,Burglary in Other Buildings,0,2016,11
E01003744,Redbridge,Theft and Handling,Other Theft Person,0,2008,3
E01001787,Hackney,Criminal Damage,Other Criminal Damage,0,2011,7
E01002013,Haringey,Robbery,Personal Property,2,2011,8
E01004165,Sutton,Robbery,Personal Property,1,2008,1
E01003738,Redbridge,Violence Against the Person,Other violence,0,2011,2
E01001738,Hackney,Violence Against the Person,Wounding/GBH,0,2013,12
E01004254,Tower Hamlets,Drugs,Other Drugs,0,2008,3
E01000996,Croydon,Drugs,Drug Trafficking,0,2008,2
E01001863,Hammersmith and Fulham,Robbery,Business Property,0,2014,9
E01002804,Islington,Theft and Handling,Theft/Taking Of Motor Vehicle,0,2016,6
E01003483,Newham,Burglary,Burglary in Other Buildings,0,2015,2
E01002193,Harrow,Robbery,Business Property,0,2013,12
E01000507,Brent,Violence Against the Person,Assault with Injury,0,2009,5
E01000723,Bromley,Theft and Handling,Motor Vehicle Interference & Tampering,0,2009,3
E01001807,Hackney,Theft and Handling,Other Theft Person,0,2016,8
E01001162,Croydon,Robbery,Personal Property,0,2016,1
E01001279,Ealing,Violence Against the Person,Common Assault,0,2013,10
E01001733,Hackney,Burglary,Burglary in a Dwelling,2,2008,5
E01003484,Newham,Theft and Handling,Theft/Taking of Pedal Cycle,0,2016,3
E01002093,Haringey,Violence Against the Person,Harassment,1,2012,3
E01002374,Havering,Robbery,Personal Property,0,2009,8
E01004142,Sutton,Burglary,Burglary in Other Buildings,3,2013,5
E01000401,Bexley,Violence Against the Person,Wounding/GBH,0,2011,4
E01000223,Barnet,Violence Against the Person,Harassment,1,2014,1
E01001572,Greenwich,Drugs,Possession Of Drugs,0,2012,10
E01004093,Sutton,Violence Against the Person,Wounding/GBH,0,2016,7
E01003225,Lewisham,Other Notifiable Offences,Going Equipped,0,2008,1
E01002618,Hounslow,Theft and Handling,Handling Stolen Goods,0,2013,1
E01003703,Redbridge,Criminal Damage,Criminal Damage To Motor Vehicle,0,2009,10
E01002556,Hounslow,Burglary,Burglary in a Dwelling,0,2009,9
E01000784,Bromley,Criminal Damage,Criminal Damage To Motor Vehicle,0,2013,1
E01002888,Kensington and Chelsea,Drugs,Drug Trafficking,0,2011,11
E01001346,Ealing,Other Notifiable Offences,Other Notifiable,0,2009,3
E01003008,Kingston upon Thames,Theft and Handling,Theft/Taking of Pedal Cycle,0,2008,4
E01001806,Hackney,Robbery,Business Property,0,2016,7
E01003902,Richmond upon Thames,Criminal Damage,Criminal Damage To Motor Vehicle,0,2013,3
E01002276,Havering,Burglary,Burglary in a Dwelling,1,2016,8
E01003987,Southwark,Violence Against the Person,Wounding/GBH,0,2010,6
E01002938,Kingston upon Thames,Theft and Handling,Motor Vehicle Interference & Tampering,0,2016,5
E01003625,Newham,Violence Against the Person,Other violence,0,2015,3
E01002857,Kensington and Chelsea,Other Notifiable Offences,Other Notifiable,0,2015,5
E01001227,Ealing,Violence Against the Person,Other violence,0,2008,10
E01003264,Lewisham,Other Notifiable Offences,Other Notifiable,0,2008,6
E01000233,Barnet,Robbery,Business Property,0,2013,6
E01001170,Croydon,Violence Against the Person,Common Assault,1,2014,11
E01000045,Barking and Dagenham,Robbery,Business Property,1,2013,5
E01003067,Lambeth,Violence Against the Person,Offensive Weapon,0,2016,4
E01032803,Southwark,Burglary,Burglary in Other Buildings,0,2009,12
E01002641,Hounslow,Violence Against the Person,Offensive Weapon,1,2015,10
E01003128,Lambeth,Drugs,Other Drugs,0,2011,7
E01003908,Richmond upon Thames,Theft and Handling,Handling Stolen Goods,0,2012,4
E01004402,Waltham Forest,Violence Against the Person,Assault with Injury,1,2011,11
E01003396,Merton,Criminal Damage,Criminal Damage To Other Building,0,2009,10
E01001889,Hammersmith and Fulham,Criminal Damage,Criminal Damage To Dwelling,0,2008,1
E01003311,Lewisham,Burglary,Burglary in Other Buildings,0,2014,2
E01000549,Brent,Other Notifiable Offences,Going Equipped,1,2011,5
E01003083,Lambeth,Theft and Handling,Other Theft,0,2010,4
E01003823,Richmond upon Thames,Criminal Damage,Criminal Damage To Motor Vehicle,0,2008,2
E01004674,Westminster,Theft and Handling,Motor Vehicle Interference & Tampering,1,2014,4
E01000936,Camden,Robbery,Personal Property,1,2011,11
E01000098,Barking and Dagenham,Burglary,Burglary in Other Buildings,0,2013,4
E01000080,Barking and Dagenham,Other Notifiable Offences,Other Notifiable,0,2013,8
E01000039,Barking and Dagenham,Violence Against the Person,Harassment,0,2012,12
E01001139,Croydon,Theft and Handling,Motor Vehicle Interference & Tampering,0,2016,3
E01001875,Hammersmith and Fulham,Theft and Handling,Theft From Shops,0,2013,10
E01003292,Lewisham,Other Notifiable Offences,Other Notifiable,0,2009,12
E01000228,Barnet,Drugs,Possession Of Drugs,0,2011,10
E01002740,Islington,Sexual Offences,Other Sexual,0,2016,10
E01000763,Bromley,Criminal Damage,Criminal Damage To Motor Vehicle,0,2014,6
E01003200,Lewisham,Theft and Handling,Other Theft Person,0,2011,2
E01004003,Southwark,Theft and Handling,Handling Stolen Goods,0,2012,8
E01002979,Kingston upon Thames,Fraud or Forgery,Other Fraud & Forgery,0,2011,9
E01003974,Southwark,Criminal Damage,Criminal Damage To Dwelling,1,2012,1
E01001005,Croydon,Theft and Handling,Other Theft Person,0,2015,3
E01001277,Ealing,Robbery,Personal Property,0,2014,9
E01004424,Waltham Forest,Violence Against the Person,Other violence,0,2016,9
E01002873,Kensington and Chelsea,Robbery,Personal Property,1,2015,7
E01004303,Tower Hamlets,Theft and Handling,Theft From Motor Vehicle,1,2009,10
E01000013,Barking and Dagenham,Violence Against the Person,Harassment,0,2009,2
E01003849,Richmond upon Thames,Theft and Handling,Theft From Motor Vehicle,1,2011,8
E01002976,Kingston upon Thames,Criminal Damage,Criminal Damage To Dwelling,0,2008,2
E01032773,Tower Hamlets,Violence Against the Person,Common Assault,0,2011,7
E01003475,Merton,Drugs,Drug Trafficking,0,2013,5
E01004033,Southwark,Theft and Handling,Other Theft,1,2014,12
E01003165,Lambeth,Violence Against the Person,Other violence,0,2016,7
E01004345,Waltham Forest,Burglary,Burglary in Other Buildings,0,2015,6
E01000893,Camden,Theft and Handling,Motor Vehicle Interference & Tampering,0,2013,6
E01004010,Southwark,Theft and Handling,Motor Vehicle Interference & Tampering,0,2009,10
E01002684,Hounslow,Drugs,Drug Trafficking,0,2008,4
E01004677,Westminster,Theft and Handling,Other Theft Person,0,2015,10
E01002884,Kensington and Chelsea,Other Notifiable Offences,Other Notifiable,0,2016,10
E01003744,Redbridge,Robbery,Business Property,0,2012,4
E01000562,Brent,Sexual Offences,Rape,0,2012,12
E01003070,Lambeth,Criminal Damage,Criminal Damage To Dwelling,2,2008,2
E01003509,Newham,Theft and Handling,Motor Vehicle Interference & Tampering,0,2014,4
E01000073,Barking and Dagenham,Violence Against the Person,Harassment,0,2013,8
E01000583,Brent,Violence Against the Person,Assault with Injury,1,2014,9
E01000062,Barking and Dagenham,Theft and Handling,Theft/Taking Of Motor Vehicle,0,2014,4
E01001988,Haringey,Theft and Handling,Other Theft,1,2008,12
E01001012,Croydon,Theft and Handling,Theft From Motor Vehicle,9,2012,4
E01002550,Hillingdon,Violence Against the Person,Other violence,0,2016,11
E01003247,Lewisham,Theft and Handling,Theft/Taking Of Motor Vehicle,0,2014,8
E01000034,Barking and Dagenham,Theft and Handling,Other Theft Person,0,2009,8
E01004138,Sutton,Robbery,Business Property,0,2015,10
E01000327,Bexley,Other Notifiable Offences,Other Notifiable,0,2011,8
E01033488,Islington,Criminal Damage,Criminal Damage To Motor Vehicle,0,2014,12
E01004106,Sutton,Theft and Handling,Motor Vehicle Interference & Tampering,0,2013,7
E01000723,Bromley,Robbery,Personal Property,0,2010,8
E01003387,Merton,Robbery,Business Property,0,2013,3
E01002497,Hillingdon,Violence Against the Person,Offensive Weapon,0,2014,5
E01001042,Croydon,Other Notifiable Offences,Going Equipped,0,2014,8
E01004654,Westminster,Theft and Handling,Theft From Motor Vehicle,3,2013,2
E01001081,Croydon,Drugs,Possession Of Drugs,0,2014,1
E01002125,Harrow,Theft and Handling,Theft/Taking Of Motor Vehicle,0,2011,3
E01003918,Southwark,Criminal Damage,Other Criminal Damage,0,2011,1
E01004123,Sutton,Violence Against the Person,Wounding/GBH,2,2012,5
E01001977,Haringey,Criminal Damage,Criminal Damage To Motor Vehicle,0,2013,3
E01033083,Hounslow,Violence Against the Person,Other violence,0,2012,1
E01003182,Lambeth,Violence Against the Person,Assault with Injury,0,2012,12
E01002279,Havering,Violence Against the Person,Offensive Weapon,0,2012,5
E01000810,Bromley,Criminal Damage,Criminal Damage To Other Building,0,2012,4
E01001431,Enfield,Drugs,Drug Trafficking,0,2008,5
E01002648,Hounslow,Violence Against the Person,Harassment,5,2011,5
E01004337,Waltham Forest,Other Notifiable Offences,Going Equipped,0,2013,3
E01000486,Brent,Drugs,Possession Of Drugs,0,2015,11
E01002529,Hillingdon,Criminal Damage,Criminal Damage To Motor Vehicle,1,2010,8
E01003084,Lambeth,Drugs,Drug Trafficking,0,2015,9
E01003749,Redbridge,Violence Against the Person,Other violence,0,2008,7
E01001734,Hackney,Theft and Handling,Theft/Taking of Pedal Cycle,0,2009,12
E01003181,Lambeth,Violence Against the Person,Wounding/GBH,0,2010,11
E01001014,Croydon,Drugs,Possession Of Drugs,4,2011,6
E01001252,Ealing,Criminal Damage,Criminal Damage To Other Building,1,2008,11
E01033607,Westminster,Criminal Damage,Criminal Damage To Other Building,0,2013,12
E01002655,Hounslow,Violence Against the Person,Other violence,0,2010,12
E01001949,Hammersmith and Fulham,Robbery,Personal Property,0,2009,9
E01003297,Lewisham,Drugs,Possession Of Drugs,1,2008,12
E01002836,Kensington and Chelsea,Drugs,Possession Of Drugs,1,2009,1
E01002919,Kingston upon Thames,Other Notifiable Offences,Going Equipped,0,2014,5
E01002885,Kensington and Chelsea,Violence Against the Person,Offensive Weapon,0,2011,4
E01003790,Redbridge,Violence Against the Person,Assault with Injury,2,2015,12
E01003723,Redbridge,Theft and Handling,Theft/Taking Of Motor Vehicle,1,2011,8
E01001750,Hackney,Drugs,Drug Trafficking,0,2014,4
E01004742,Westminster,Criminal Damage,Criminal Damage To Other Building,0,2015,12
E01004244,Tower Hamlets,Theft and Handling,Other Theft Person,0,2008,7
E01002754,Islington,Theft and Handling,Theft From Motor Vehicle,1,2009,3
E01001634,Greenwich,Criminal Damage,Criminal Damage To Motor Vehicle,0,2008,2
E01003582,Newham,Violence Against the Person,Harassment,0,2015,8
E01001137,Croydon,Theft and Handling,Motor Vehicle Interference & Tampering,0,2011,3
E01003674,Redbridge,Drugs,Possession Of Drugs,2,2016,11
E01004602,Wandsworth,Criminal Damage,Other Criminal Damage,0,2011,2
E01000353,Bexley,Violence Against the Person,Assault with Injury,0,2015,6
E01004750,Westminster,Theft and Handling,Theft From Motor Vehicle,6,2016,8
E01003786,Redbridge,Violence Against the Person,Wounding/GBH,0,2010,5
E01002165,Harrow,Other Notifiable Offences,Going Equipped,0,2012,2
E01004510,Wandsworth,Criminal Damage,Criminal Damage To Dwelling,0,2010,11
E01003715,Redbridge,Theft and Handling,Theft From Shops,0,2009,11
E01000139,Barnet,Violence Against the Person,Offensive Weapon,1,2008,3
E01004165,Sutton,Drugs,Other Drugs,0,2011,9
E01001239,Ealing,Violence Against the Person,Common Assault,0,2012,1
E01004314,Tower Hamlets,Robbery,Personal Property,0,2016,10
E01002217,Harrow,Other Notifiable Offences,Other Notifiable,3,2008,12
E01003628,Newham,Burglary,Burglary in Other Buildings,0,2011,10
E01001247,Ealing,Other Notifiable Offences,Other Notifiable,0,2008,2
E01004298,Tower Hamlets,Burglary,Burglary in a Dwelling,0,2016,3
E01000520,Brent,Robbery,Personal Property,0,2010,8
E01002980,Kingston upon Thames,Violence Against the Person,Assault with Injury,0,2009,6
E01000392,Bexley,Theft and Handling,Other Theft Person,0,2016,8
E01003443,Merton,Burglary,Burglary in a Dwelling,1,2009,7
E01004482,Wandsworth,Violence Against the Person,Common Assault,0,2009,4
E01003862,Richmond upon Thames,Violence Against the Person,Common Assault,0,2015,3
E01003554,Newham,Violence Against the Person,Offensive Weapon,0,2009,11
E01032640,Southwark,Burglary,Burglary in a Dwelling,0,2013,10
E01001635,Greenwich,Theft and Handling,Motor Vehicle Interference & Tampering,0,2009,2
E01002871,Kensington and Chelsea,Criminal Damage,Criminal Damage To Dwelling,0,2010,7
E01000625,Brent,Drugs,Other Drugs,0,2014,6
E01003957,Southwark,Theft and Handling,Theft From Motor Vehicle,0,2009,3
E01000807,Bromley,Violence Against the Person,Assault with Injury,4,2009,5
E01002734,Islington,Theft and Handling,Other Theft Person,3,2008,8
E01000705,Bromley,Criminal Damage,Other Criminal Damage,0,2013,4
E01001646,Greenwich,Sexual Offences,Rape,0,2013,5
E01000741,Bromley,Criminal Damage,Criminal Damage To Dwelling,1,2011,11
E01002794,Islington,Other Notifiable Offences,Other Notifiable,2,2010,2
E01004642,Wandsworth,Drugs,Possession Of Drugs,1,2008,6
E01004690,Westminster,Criminal Damage,Other Criminal Damage,0,2011,10
E01001902,Hammersmith and Fulham,Drugs,Possession Of Drugs,1,2016,2
E01033324,Lewisham,Theft and Handling,Handling Stolen Goods,0,2012,2
E01033570,Richmond upon Thames,Criminal Damage,Criminal Damage To Other Building,0,2008,3
E01004593,Wandsworth,Burglary,Burglary in a Dwelling,0,2008,10
E01001005,Croydon,Theft and Handling,Theft From Shops,1,2009,1
E01000345,Bexley,Violence Against the Person,Harassment,0,2008,4
E01001950,Hammersmith and Fulham,Theft and Handling,Theft From Motor Vehicle,1,2012,1
E01000912,Camden,Robbery,Business Property,0,2013,1
E01002626,Hounslow,Theft and Handling,Handling Stolen Goods,0,2013,3
E01000128,Barnet,Other Notifiable Offences,Other Notifiable,0,2012,7
E01000961,Camden,Violence Against the Person,Harassment,1,2012,12
E01002027,Haringey,Theft and Handling,Motor Vehicle Interference & Tampering,0,2011,1
E01001828,Hackney,Theft and Handling,Handling Stolen Goods,0,2014,6
E01001368,Ealing,Criminal Damage,Criminal Damage To Other Building,0,2010,4
E01002793,Islington,Criminal Damage,Other Criminal Damage,5,2014,12
E01003128,Lambeth,Criminal Damage,Criminal Damage To Other Building,0,2016,7
E01003374,Merton,Drugs,Possession Of Drugs,2,2012,3
E01001862,Hammersmith and Fulham,Theft and Handling,Motor Vehicle Interference & Tampering,0,2012,11
E01004572,Wandsworth,Drugs,Possession Of Drugs,0,2014,9
E01033084,Hounslow,Theft and Handling,Other Theft Person,0,2009,6
E01004679,Westminster,Theft and Handling,Theft From Shops,5,2008,8
E01001499,Enfield,Violence Against the Person,Other violence,1,2014,9
E01002349,Havering,Violence Against the Person,Harassment,2,2009,3
E01003860,Richmond upon Thames,Violence Against the Person,Assault with Injury,0,2010,12
E01003542,Newham,Theft and Handling,Theft From Shops,0,2012,2
E01003773,Redbridge,Violence Against the Person,Wounding/GBH,0,2012,2
E01004476,Wandsworth,Criminal Damage,Criminal Damage To Dwelling,0,2016,12
E01000386,Bexley,Violence Against the Person,Assault with Injury,1,2015,6
E01002822,Kensington and Chelsea,Theft and Handling,Other Theft,2,2016,9
E01001210,Ealing,Theft and Handling,Theft/Taking Of Motor Vehicle,0,2016,1
E01000037,Barking and Dagenham,Criminal Damage,Criminal Damage To Other Building,0,2014,2
E01002872,Kensington and Chelsea,Violence Against the Person,Common Assault,3,2014,9
E01003264,Lewisham,Violence Against the Person,Common Assault,3,2010,7
E01001295,Ealing,Theft and Handling,Theft/Taking of Pedal Cycle,0,2008,1
E01001157,Croydon,Criminal Damage,Criminal Damage To Dwelling,0,2011,12
E01033587,Barking and Dagenham,Violence Against the Person,Wounding/GBH,0,2008,7
E01000582,Brent,Robbery,Personal Property,1,2011,1
E01033600,Westminster,Theft and Handling,Theft/Taking of Pedal Cycle,0,2010,1
E01003623,Newham,Violence Against the Person,Harassment,0,2014,1
E01002581,Hounslow,Violence Against the Person,Harassment,0,2012,3
E01001785,Hackney,Burglary,Burglary in Other Buildings,0,2008,12
E01000393,Bexley,Criminal Damage,Criminal Damage To Dwelling,0,2008,12
E01003972,Southwark,Violence Against the Person,Common Assault,3,2014,5
E01001113,Croydon,Violence Against the Person,Other violence,0,2010,7
E01003120,Lambeth,Sexual Offences,Rape,0,2014,3
E01003381,Merton,Theft and Handling,Theft/Taking Of Motor Vehicle,0,2013,10
E01000165,Barnet,Violence Against the Person,Offensive Weapon,0,2012,4
E01003458,Merton,Other Notifiable Offences,Other Notifiable,0,2009,10
E01000184,Barnet,Theft and Handling,Handling Stolen Goods,1,2008,7
E01001286,Ealing,Violence Against the Person,Common Assault,1,2015,12
E01001093,Croydon,Criminal Damage,Criminal Damage To Dwelling,1,2010,5
E01001929,Hammersmith and Fulham,Criminal Damage,Other Criminal Damage,0,2009,1
E01032774,Tower Hamlets,Theft and Handling,Handling Stolen Goods,0,2015,10
E01002013,Haringey,Criminal Damage,Other Criminal Damage,1,2009,2
E01000018,Barking and Dagenham,Criminal Damage,Criminal Damage To Dwelling,1,2008,6
E01032569,Croydon,Robbery,Business Property,0,2014,6
E01000477,Brent,Theft and Handling,Theft/Taking of Pedal Cycle,0,2015,1
E01002129,Harrow,Burglary,Burglary in Other Buildings,0,2009,10
E01002749,Islington,Theft and Handling,Other Theft Person,2,2008,1
E01003629,Newham,Robbery,Personal Property,0,2012,2
E01003516,Newham,Drugs,Drug Trafficking,0,2014,1
E01002974,Kingston upon Thames,Theft and Handling,Other Theft Person,0,2012,4
E01001437,Enfield,Other Notifiable Offences,Going Equipped,0,2012,12
E01002900,Kensington and Chelsea,Robbery,Personal Property,0,2010,6
E01002084,Haringey,Violence Against the Person,Murder,0,2012,3
E01004710,Westminster,Drugs,Drug Trafficking,0,2015,1
E01001403,Enfield,Other Notifiable Offences,Other Notifiable,0,2011,2
E01002231,Harrow,Drugs,Possession Of Drugs,0,2016,11
E01000719,Bromley,Violence Against the Person,Common Assault,2,2010,7
E01001079,Croydon,Violence Against the Person,Common Assault,1,2008,4
E01004470,Waltham Forest,Criminal Damage,Criminal Damage To Other Building,1,2011,3
E01000765,Bromley,Theft and Handling,Motor Vehicle Interference & Tampering,0,2008,6
E01000145,Barnet,Theft and Handling,Other Theft,0,2013,1
E01001653,Greenwich,Robbery,Business Property,0,2015,12
E01003676,Redbridge,Burglary,Burglary in Other Buildings,0,2015,2
E01001673,Greenwich,Robbery,Personal Property,0,2009,8
E01003377,Merton,Theft and Handling,Theft From Motor Vehicle,0,2012,10
E01003508,Newham,Theft and Handling,Theft From Shops,0,2008,1
E01003777,Redbridge,Other Notifiable Offences,Going Equipped,0,2014,1
E01003090,Lambeth,Theft and Handling,Theft From Shops,1,2010,3
E01002144,Harrow,Theft and Handling,Theft/Taking Of Motor Vehicle,1,2012,3
E01033708,Hackney,Violence Against the Person,Assault with Injury,0,2010,1
E01004598,Wandsworth,Theft and Handling,Handling Stolen Goods,0,2016,2
E01002068,Haringey,Violence Against the Person,Wounding/GBH,0,2011,10
E01000306,Barnet,Violence Against the Person,Assault with Injury,1,2009,1
E01002365,Havering,Violence Against the Person,Harassment,1,2016,8
E01002919,Kingston upon Thames,Criminal Damage,Other Criminal Damage,0,2010,3
E01000751,Bromley,Theft and Handling,Theft/Taking Of Motor Vehicle,0,2009,9
E01004440,Waltham Forest,Theft and Handling,Other Theft,4,2010,10
E01033463,Brent,Theft and Handling,Other Theft Person,1,2016,12
E01003004,Kingston upon Thames,Drugs,Drug Trafficking,0,2014,1
E01001476,Enfield,Criminal Damage,Other Criminal Damage,0,2015,9
E01000242,Barnet,Burglary,Burglary in a Dwelling,2,2008,9
E01000497,Brent,Criminal Damage,Criminal Damage To Other Building,0,2008,6
E01001444,Enfield,Theft and Handling,Motor Vehicle Interference & Tampering,1,2015,7
E01001279,Ealing,Violence Against the Person,Wounding/GBH,0,2015,12
E01000728,Bromley,Violence Against the Person,Assault with Injury,1,2014,8
E01004242,Tower Hamlets,Theft and Handling,Handling Stolen Goods,0,2009,9
E01003109,Lambeth,Theft and Handling,Motor Vehicle Interference & Tampering,0,2013,4
E01000701,Bromley,Theft and Handling,Other Theft Person,0,2013,9
E01003525,Newham,Burglary,Burglary in Other Buildings,2,2010,1
E01000367,Bexley,Theft and Handling,Motor Vehicle Interference & Tampering,0,2011,11
E01000108,Barking and Dagenham,Theft and Handling,Theft/Taking Of Motor Vehicle,0,2010,8
E01001449,Enfield,Violence Against the Person,Common Assault,0,2008,7
E01001297,Ealing,Other Notifiable Offences,Other Notifiable,0,2016,12
E01002701,Islington,Fraud or Forgery,Counted per Victim,0,2015,3
E01003060,Lambeth,Theft and Handling,Theft/Taking Of Motor Vehicle,1,2012,11
E01000829,Bromley,Criminal Damage,Criminal Damage To Other Building,0,2015,9
E01000290,Barnet,Robbery,Business Property,0,2008,1
E01001272,Ealing,Robbery,Personal Property,1,2011,2
E01001918,Hammersmith and Fulham,Burglary,Burglary in Other Buildings,0,2015,3
E01000188,Barnet,Violence Against the Person,Harassment,1,2013,1
E01004496,Wandsworth,Theft and Handling,Handling Stolen Goods,0,2012,8
E01003256,Lewisham,Theft and Handling,Handling Stolen Goods,0,2012,6
E01000969,Camden,Theft and Handling,Other Theft,1,2014,1
E01003043,Lambeth,Theft and Handling,Theft/Taking of Pedal Cycle,1,2012,6
E01000289,Barnet,Theft and Handling,Handling Stolen Goods,0,2016,4
E01004538,Wandsworth,Theft and Handling,Theft/Taking Of Motor Vehicle,1,2011,5
E01003212,Lewisham,Violence Against the Person,Other violence,0,2012,8
E01004402,Waltham Forest,Violence Against the Person,Common Assault,0,2016,6
E01002655,Hounslow,Violence Against the Person,Common Assault,1,2013,2
E01000275,Barnet,Theft and Handling,Other Theft Person,0,2010,6
E01003287,Lewisham,Violence Against the Person,Harassment,1,2011,7
E01001898,Hammersmith and Fulham,Theft and Handling,Theft/Taking Of Motor Vehicle,1,2016,12
E01004399,Waltham Forest,Criminal Damage,Other Criminal Damage,0,2010,11
E01004400,Waltham Forest,Drugs,Drug Trafficking,0,2010,7
E01004086,Sutton,Theft and Handling,Motor Vehicle Interference & Tampering,0,2010,6
E01000986,Croydon,Violence Against the Person,Common Assault,0,2013,1
E01003393,Merton,Violence Against the Person,Other violence,0,2013,11
E01000502,Brent,Drugs,Other Drugs,0,2009,8
E01003810,Richmond upon Thames,Theft and Handling,Theft/Taking of Pedal Cycle,0,2016,10
E01004757,Westminster,Sexual Offences,Other Sexual,0,2012,7
E01002336,Havering,Burglary,Burglary in a Dwelling,1,2010,8
E01003126,Lambeth,Theft and Handling,Theft From Shops,2,2009,5
E01002044,Haringey,Violence Against the Person,Offensive Weapon,0,2009,8
E01000178,Barnet,Drugs,Possession Of Drugs,0,2009,6
E01003916,Southwark,Other Notifiable Offences,Other Notifiable,0,2013,6
E01004610,Wandsworth,Violence Against the Person,Wounding/GBH,0,2009,8
E01002777,Islington,Violence Against the Person,Other violence,0,2013,3
E01001482,Enfield,Theft and Handling,Motor Vehicle Interference & Tampering,0,2011,4
E01002960,Kingston upon Thames,Other Notifiable Offences,Going Equipped,0,2015,12
E01001860,Hammersmith and Fulham,Theft and Handling,Theft From Shops,3,2014,2
E01004365,Waltham Forest,Drugs,Drug Trafficking,0,2013,11
E01000603,Brent,Other Notifiable Offences,Other Notifiable,0,2016,4
E01001266,Ealing,Drugs,Drug Trafficking,0,2010,1
E01002300,Havering,Robbery,Personal Property,0,2012,3
E01002847,Kensington and Chelsea,Theft and Handling,Theft From Shops,0,2013,6
E01002367,Havering,Other Notifiable Offences,Other Notifiable,0,2016,6
E01002297,Havering,Violence Against the Person,Other violence,0,2009,2
E01003304,Lewisham,Fraud or Forgery,Counted per Victim,0,2014,12
E01004627,Wandsworth,Theft and Handling,Other Theft Person,1,2012,8
E01001791,Hackney,Theft and Handling,Other Theft Person,0,2008,8
E01002696,Islington,Criminal Damage,Criminal Damage To Dwelling,1,2008,12
E01003713,Redbridge,Burglary,Burglary in a Dwelling,1,2011,5
E01001499,Enfield,Theft and Handling,Theft/Taking Of Motor Vehicle,0,2008,5
E01002310,Havering,Violence Against the Person,Wounding/GBH,0,2008,9
E01000077,Barking and Dagenham,Theft and Handling,Other Theft Person,0,2011,1
E01000684,Bromley,Theft and Handling,Other Theft,0,2012,3
E01004033,Southwark,Violence Against the Person,Offensive Weapon,0,2008,10
E01004121,Sutton,Criminal Damage,Other Criminal Damage,0,2010,12
E01001938,Hammersmith and Fulham,Criminal Damage,Criminal Damage To Dwelling,0,2015,8
E01001775,Hackney,Violence Against the Person,Assault with Injury,2,2015,5
E01001830,Hackney,Theft and Handling,Theft/Taking Of Motor Vehicle,0,2009,12
E01003328,Lewisham,Theft and Handling,Handling Stolen Goods,0,2010,6
E01002426,Hillingdon,Other Notifiable Offences,Other Notifiable,0,2013,11
E01004182,Sutton,Criminal Damage,Criminal Damage To Dwelling,1,2012,8
E01001839,Hackney,Violence Against the Person,Offensive Weapon,0,2015,9
E01003013,Lambeth,Fraud or Forgery,Counted per Victim,0,2010,9
E01000807,Bromley,Fraud or Forgery,Other Fraud & Forgery,0,2012,10
E01004739,Westminster,Criminal Damage,Criminal Damage To Other Building,0,2012,8
E01004740,Westminster,Sexual Offences,Rape,0,2010,10
E01002290,Havering,Violence Against the Person,Wounding/GBH,0,2010,10
E01000513,Brent,Robbery,Business Property,0,2010,10
E01001486,Enfield,Theft and Handling,Theft From Motor Vehicle,2,2015,10
E01000516,Brent,Criminal Damage,Other Criminal Damage,0,2011,7
E01002005,Haringey,Criminal Damage,Criminal Damage To Other Building,0,2009,2
E01000343,Bexley,Violence Against the Person,Harassment,0,2009,2
E01002724,Islington,Burglary,Burglary in Other Buildings,1,2016,7
E01001011,Croydon,Robbery,Personal Property,1,2008,1
E01004544,Wandsworth,Violence Against the Person,Other violence,0,2014,6
E01000568,Brent,Drugs,Possession Of Drugs,1,2011,7
E01002835,Kensington and Chelsea,Theft and Handling,Other Theft,7,2016,1
E01003407,Merton,Theft and Handling,Theft/Taking Of Motor Vehicle,0,2012,5
E01003995,Southwark,Theft and Handling,Theft From Motor Vehicle,0,2011,10
E01001285,Ealing,Violence Against the Person,Wounding/GBH,0,2014,3
E01000868,Camden,Drugs,Possession Of Drugs,0,2008,10
E01033732,Greenwich,Criminal Damage,Other Criminal Damage,1,2013,10
E01003141,Lambeth,Criminal Damage,Criminal Damage To Dwelling,0,2009,6
E01003112,Lambeth,Drugs,Drug Trafficking,0,2015,5
E01002359,Havering,Other Notifiable Offences,Other Notifiable,0,2010,10
E01001867,Hammersmith and Fulham,Theft and Handling,Theft/Taking of Pedal Cycle,1,2014,6
E01000205,Barnet,Theft and Handling,Handling Stolen Goods,0,2009,8
E01003485,Newham,Theft and Handling,Other Theft,0,2015,6
E01001046,Croydon,Theft and Handling,Theft/Taking of Pedal Cycle,0,2009,10
E01002426,Hillingdon,Violence Against the Person,Wounding/GBH,0,2016,9
E01003980,Southwark,Criminal Damage,Criminal Damage To Dwelling,0,2012,1
E01001312,Ealing,Burglary,Burglary in Other Buildings,0,2016,5
E01001348,Ealing,Violence Against the Person,Harassment,1,2008,12
E01003438,Merton,Theft and Handling,Handling Stolen Goods,0,2009,8
E01004485,Wandsworth,Violence Against the Person,Harassment,0,2016,4
E01004134,Sutton,Robbery,Personal Property,0,2009,5
E01002785,Islington,Theft and Handling,Theft/Taking Of Motor Vehicle,2,2012,2
E01001656,Greenwich,Criminal Damage,Criminal Damage To Other Building,0,2008,4
E01003518,Newham,Theft and Handling,Theft From Shops,0,2014,1
E01001547,Enfield,Theft and Handling,Handling Stolen Goods,0,2010,8
E01001979,Haringey,Theft and Handling,Handling Stolen Goods,0,2015,12
E01004232,Tower Hamlets,Robbery,Personal Property,0,2013,8
E01002782,Islington,Sexual Offences,Other Sexual,0,2010,9
E01000798,Bromley,Theft and Handling,Motor Vehicle Interference & Tampering,1,2010,1
E01002925,Kingston upon Thames,Other Notifiable Offences,Other Notifiable,0,2009,12
E01003174,Lambeth,Criminal Damage,Other Criminal Damage,1,2008,8
E01001100,Croydon,Violence Against the Person,Wounding/GBH,0,2016,6
E01002061,Haringey,Criminal Damage,Criminal Damage To Other Building,0,2009,7
E01001458,Enfield,Drugs,Other Drugs,0,2014,6
E01000094,Barking and Dagenham,Theft and Handling,Other Theft,2,2014,2
E01032562,Bromley,Criminal Damage,Other Criminal Damage,0,2015,12
E01003206,Lewisham,Theft and Handling,Other Theft Person,0,2014,4
E01000019,Barking and Dagenham,Theft and Handling,Motor Vehicle Interference & Tampering,0,2014,3
E01003524,Newham,Violence Against the Person,Common Assault,0,2009,10
E01004212,Tower Hamlets,Theft and Handling,Handling Stolen Goods,0,2010,6
E01002768,Islington,Other Notifiable Offences,Other Notifiable,1,2011,4
E01004590,Wandsworth,Violence Against the Person,Assault with Injury,0,2014,9
E01000132,Barnet,Drugs,Possession Of Drugs,0,2012,7
E01002886,Kensington and Chelsea,Criminal Damage,Criminal Damage To Motor Vehicle,0,2010,7
E01000969,Camden,Criminal Damage,Criminal Damage To Motor Vehicle,1,2009,8
E01004063,Southwark,Theft and Handling,Handling Stolen Goods,0,2015,3
E01000812,Bromley,Drugs,Possession Of Drugs,1,2016,1
E01002553,Hillingdon,Burglary,Burglary in Other Buildings,0,2016,12
E01004586,Wandsworth,Burglary,Burglary in Other Buildings,0,2015,3
E01000011,Barking and Dagenham,Criminal Damage,Criminal Damage To Dwelling,0,2015,4
E01000009,Barking and Dagenham,Theft and Handling,Handling Stolen Goods,0,2013,1
E01004616,Wandsworth,Criminal Damage,Other Criminal Damage,0,2009,3
E01000327,Bexley,Robbery,Personal Property,0,2008,9
E01003862,Richmond upon Thames,Violence Against the Person,Offensive Weapon,0,2014,11
E01004035,Southwark,Robbery,Business Property,0,2008,6
E01002458,Hillingdon,Theft and Handling,Theft/Taking of Pedal Cycle,0,2009,2
E01002268,Havering,Violence Against the Person,Wounding/GBH,0,2009,9
E01001916,Hammersmith and Fulham,Theft and Handling,Motor Vehicle Interference & Tampering,0,2010,5
E01002400,Hillingdon,Theft and Handling,Motor Vehicle Interference & Tampering,0,2015,4
E01002686,Hounslow,Violence Against the Person,Assault with Injury,2,2009,2
E01002485,Hillingdon,Violence Against the Person,Wounding/GBH,0,2016,1
E01002383,Havering,Burglary,Burglary in Other Buildings,0,2012,2
E01000371,Bexley,Burglary,Burglary in Other Buildings,0,2015,8
E01003974,Southwark,Theft and Handling,Other Theft,0,2013,8
E01003578,Newham,Theft and Handling,Other Theft Person,1,2009,9
E01004075,Southwark,Drugs,Drug Trafficking,0,2010,12
E01004292,Tower Hamlets,Criminal Damage,Criminal Damage To Dwelling,0,2013,1
E01001584,Greenwich,Theft and Handling,Other Theft Person,0,2016,4
E01004562,Wandsworth,Criminal Damage,Other Criminal Damage,0,2008,3
E01003541,Newham,Drugs,Drug Trafficking,0,2008,1
E01004263,Tower Hamlets,Violence Against the Person,Harassment,1,2016,10
E01000127,Barnet,Robbery,Business Property,0,2010,10
E01002753,Islington,Theft and Handling,Other Theft Person,1,2008,8
E01001393,Enfield,Robbery,Business Property,0,2011,2
E01000006,Barking and Dagenham,Violence Against the Person,Offensive Weapon,0,2009,6
E01002234,Harrow,Theft and Handling,Theft/Taking of Pedal Cycle,0,2013,7
E01001856,Hammersmith and Fulham,Other Notifiable Offences,Going Equipped,0,2016,8
E01004350,Waltham Forest,Theft and Handling,Theft/Taking Of Motor Vehicle,0,2009,1
E01001972,Haringey,Criminal Damage,Other Criminal Damage,0,2010,1
E01004559,Wandsworth,Burglary,Burglary in a Dwelling,1,2011,3
E01000814,Bromley,Theft and Handling,Other Theft,2,2013,5
E01000789,Bromley,Theft and Handling,Theft/Taking Of Motor Vehicle,3,2008,1
E01000018,Barking and Dagenham,Theft and Handling,Motor Vehicle Interference & Tampering,0,2010,6
E01003494,Newham,Theft and Handling,Theft/Taking of Pedal Cycle,0,2011,7
E01004068,Southwark,Drugs,Drug Trafficking,0,2010,5
E01003179,Lambeth,Violence Against the Person,Murder,0,2013,7
E01003524,Newham,Theft and Handling,Other Theft,1,2008,6
E01003555,Newham,Burglary,Burglary in a Dwelling,0,2008,9
E01002421,Hillingdon,Violence Against the Person,Offensive Weapon,0,2013,7
E01000970,Camden,Theft and Handling,Motor Vehicle Interference & Tampering,0,2009,4
E01002583,Hounslow,Violence Against the Person,Other violence,0,2011,5
E01000955,Camden,Theft and Handling,Theft From Motor Vehicle,1,2011,7
E01002408,Hillingdon,Theft and Handling,Theft From Shops,0,2013,12
E01001450,Enfield,Fraud or Forgery,Other Fraud & Forgery,0,2010,12
E01002552,Hillingdon,Violence Against the Person,Offensive Weapon,0,2008,10
E01003084,Lambeth,Drugs,Possession Of Drugs,0,2014,5
E01001109,Croydon,Violence Against the Person,Assault with Injury,0,2013,6
E01002026,Haringey,Violence Against the Person,Harassment,4,2013,5
E01003749,Redbridge,Criminal Damage,Criminal Damage To Motor Vehicle,0,2014,3
E01001408,Enfield,Violence Against the Person,Common Assault,0,2011,8
E01000281,Barnet,Violence Against the Person,Wounding/GBH,0,2010,5
E01000740,Bromley,Robbery,Personal Property,3,2008,10
E01002424,Hillingdon,Violence Against the Person,Wounding/GBH,1,2015,6
E01003448,Merton,Theft and Handling,Other Theft Person,0,2014,5
E01004010,Southwark,Violence Against the Person,Offensive Weapon,0,2016,8
E01002703,Islington,Theft and Handling,Handling Stolen Goods,0,2016,11
E01002576,Hounslow,Theft and Handling,Theft/Taking of Pedal Cycle,0,2009,8
E01000722,Bromley,Theft and Handling,Other Theft Person,0,2010,2
E01002226,Harrow,Burglary,Burglary in a Dwelling,3,2008,12
E01001786,Hackney,Violence Against the Person,Harassment,2,2008,10
E01000656,Bromley,Robbery,Personal Property,0,2015,3
E01003230,Lewisham,Violence Against the Person,Harassment,2,2015,3
E01001292,Ealing,Violence Against the Person,Other violence,0,2012,8
E01000611,Brent,Violence Against the Person,Harassment,0,2013,1
E01002640,Hounslow,Violence Against the Person,Other violence,0,2014,2
E01002649,Hounslow,Theft and Handling,Other Theft Person,0,2010,12
E01032575,Haringey,Theft and Handling,Theft/Taking Of Motor Vehicle,1,2011,10
E01003621,Newham,Theft and Handling,Other Theft,1,2013,6
E01002323,Havering,Robbery,Personal Property,0,2011,4
E01004670,Westminster,Criminal Damage,Criminal Damage To Motor Vehicle,0,2013,10
E01033583,Newham,Theft and Handling,Theft/Taking of Pedal Cycle,0,2009,10
E01003589,Newham,Violence Against the Person,Common Assault,0,2011,9
E01002576,Hounslow,Violence Against the Person,Other violence,0,2015,11
E01002331,Havering,Theft and Handling,Other Theft,0,2008,9
E01033587,Barking and Dagenham,Criminal Damage,Criminal Damage To Other Building,4,2015,6
E01003525,Newham,Criminal Damage,Criminal Damage To Motor Vehicle,2,2009,2
E01003897,Richmond upon Thames,Theft and Handling,Theft/Taking of Pedal Cycle,1,2014,5
E01032582,Lambeth,Theft and Handling,Other Theft Person,10,2015,4
E01000458,Bexley,Violence Against the Person,Harassment,0,2008,8
E01001876,Hammersmith and Fulham,Other Notifiable Offences,Other Notifiable,2,2012,11
E01001926,Hammersmith and Fulham,Theft and Handling,Theft/Taking of Pedal Cycle,1,2008,8
E01000179,Barnet,Violence Against the Person,Other violence,0,2009,1
E01001208,Ealing,Theft and Handling,Other Theft Person,0,2015,8
E01001085,Croydon,Violence Against the Person,Other violence,0,2014,12
E01003081,Lambeth,Violence Against the Person,Harassment,2,2016,8
E01002062,Haringey,Criminal Damage,Criminal Damage To Motor Vehicle,0,2009,6
E01003796,Redbridge,Burglary,Burglary in Other Buildings,2,2012,5
E01001499,Enfield,Violence Against the Person,Other violence,0,2016,9
E01001846,Hackney,Violence Against the Person,Harassment,0,2015,3
E01001428,Enfield,Violence Against the Person,Common Assault,1,2008,1
E01002142,Harrow,Burglary,Burglary in a Dwelling,1,2010,5
E01001586,Greenwich,Criminal Damage,Criminal Damage To Other Building,0,2015,1
E01004542,Wandsworth,Theft and Handling,Other Theft Person,0,2013,8
E01002707,Islington,Violence Against the Person,Common Assault,0,2010,11
E01003856,Richmond upon Thames,Theft and Handling,Motor Vehicle Interference & Tampering,0,2012,7
E01004238,Tower Hamlets,Violence Against the Person,Harassment,2,2015,11
E01002034,Haringey,Violence Against the Person,Assault with Injury,2,2008,10
E01000535,Brent,Theft and Handling,Other Theft Person,0,2009,10
E01004516,Wandsworth,Violence Against the Person,Wounding/GBH,0,2009,4
E01004069,Southwark,Theft and Handling,Theft/Taking Of Motor Vehicle,1,2012,8
E01003098,Lambeth,Drugs,Possession Of Drugs,1,2013,9
E01001746,Hackney,Theft and Handling,Other Theft Person,1,2009,5
E01003743,Redbridge,Other Notifiable Offences,Going Equipped,0,2015,9
E01000815,Bromley,Criminal Damage,Other Criminal Damage,0,2011,10
E01002391,Havering,Violence Against the Person,Offensive Weapon,0,2016,11
E01001040,Croydon,Theft and Handling,Other Theft Person,0,2016,2
E01002038,Haringey,Burglary,Burglary in Other Buildings,1,2013,4
E01000889,Camden,Drugs,Other Drugs,0,2011,4
E01003165,Lambeth,Theft and Handling,Theft From Shops,0,2014,10
E01000191,Barnet,Criminal Damage,Criminal Damage To Other Building,0,2008,4
E01003146,Lambeth,Robbery,Business Property,0,2009,3
E01003465,Merton,Violence Against the Person,Harassment,0,2015,5
E01004177,Sutton,Criminal Damage,Criminal Damage To Dwelling,1,2012,10
E01003776,Redbridge,Violence Against the Person,Common Assault,0,2008,4
E01002862,Kensington and Chelsea,Theft and Handling,Other Theft,1,2009,1
E01002668,Hounslow,Violence Against the Person,Assault with Injury,2,2010,6
E01001605,Greenwich,Violence Against the Person,Offensive Weapon,0,2016,3
E01002753,Islington,Violence Against the Person,Offensive Weapon,0,2013,3
E01004389,Waltham Forest,Theft and Handling,Handling Stolen Goods,0,2014,10
E01003980,Southwark,Theft and Handling,Other Theft,0,2014,2
E01003812,Richmond upon Thames,Violence Against the Person,Harassment,0,2010,4
E01004137,Sutton,Theft and Handling,Theft/Taking of Pedal Cycle,0,2012,1
E01000585,Brent,Criminal Damage,Criminal Damage To Motor Vehicle,1,2014,5
E01004371,Waltham Forest,Drugs,Drug Trafficking,0,2012,5
E01002713,Islington,Criminal Damage,Criminal Damage To Dwelling,0,2008,4
E01001117,Croydon,Other Notifiable Offences,Other Notifiable,1,2011,9
E01004440,Waltham Forest,Violence Against the Person,Common Assault,1,2014,4
E01000156,Barnet,Burglary,Burglary in a Dwelling,1,2015,8
E01000670,Bromley,Fraud or Forgery,Other Fraud & Forgery,0,2009,12
E01004608,Wandsworth,Other Notifiable Offences,Going Equipped,0,2016,2
E01001250,Ealing,Criminal Damage,Other Criminal Damage,1,2014,5
E01033586,Newham,Theft and Handling,Other Theft,0,2008,7
E01000273,Barnet,Theft and Handling,Other Theft Person,0,2013,2
E01033739,Greenwich,Criminal Damage,Criminal Damage To Dwelling,0,2016,10
E01002451,Hillingdon,Theft and Handling,Other Theft Person,0,2010,2
E01001124,Croydon,Other Notifiable Offences,Other Notifiable,0,2016,2
E01000898,Camden,Theft and Handling,Theft/Taking of Pedal Cycle,0,2008,7
E01002412,Hillingdon,Theft and Handling,Theft From Motor Vehicle,3,2011,12
E01002418,Hillingdon,Criminal Damage,Other Criminal Damage,0,2008,1
E01002550,Hillingdon,Robbery,Business Property,0,2011,2
E01004615,Wandsworth,Theft and Handling,Theft/Taking of Pedal Cycle,0,2016,2
E01004330,Waltham Forest,Theft and Handling,Theft/Taking of Pedal Cycle,0,2009,6
E01004012,Southwark,Other Notifiable Offences,Other Notifiable,0,2014,6
E01000015,Barking and Dagenham,Violence Against the Person,Common Assault,2,2009,5
E01002349,Havering,Drugs,Possession Of Drugs,0,2012,5
E01002120,Harrow,Drugs,Possession Of Drugs,0,2013,2
E01000974,Camden,Theft and Handling,Theft From Shops,1,2014,5
E01000400,Bexley,Criminal Damage,Criminal Damage To Dwelling,1,2010,9
E01002589,Hounslow,Violence Against the Person,Harassment,0,2010,5
E01004569,Wandsworth,Theft and Handling,Theft/Taking Of Motor Vehicle,0,2015,9
E01002168,Harrow,Violence Against the Person,Harassment,2,2011,12
E01003435,Merton,Violence Against the Person,Harassment,1,2015,6
E01002920,Kingston upon Thames,Robbery,Business Property,0,2009,3
E01001694,Greenwich,Theft and Handling,Theft/Taking Of Motor Vehicle,0,2011,4
E01000109,Barking and Dagenham,Criminal Damage,Criminal Damage To Motor Vehicle,0,2013,3
E01000111,Barking and Dagenham,Criminal Damage,Other Criminal Damage,0,2010,2
E01000137,Barnet,Theft and Handling,Theft/Taking of Pedal Cycle,0,2013,10
E01002544,Hillingdon,Burglary,Burglary in a Dwelling,1,2011,12
E01004541,Wandsworth,Criminal Damage,Criminal Damage To Motor Vehicle,0,2008,12
E01001908,Hammersmith and Fulham,Violence Against the Person,Other violence,0,2009,9
E01003433,Merton,Criminal Damage,Criminal Damage To Motor Vehicle,0,2016,5
E01002784,Islington,Theft and Handling,Theft/Taking Of Motor Vehicle,1,2015,1
E01002399,Hillingdon,Theft and Handling,Theft From Motor Vehicle,1,2011,4
E01002473,Hillingdon,Other Notifiable Offences,Other Notifiable,0,2015,6
E01004000,Southwark,Theft and Handling,Theft From Shops,0,2012,9
E01003798,Richmond upon Thames,Other Notifiable Offences,Other Notifiable,0,2011,3
E01000665,Bromley,Criminal Damage,Criminal Damage To Dwelling,0,2012,3
E01001455,Enfield,Drugs,Drug Trafficking,0,2016,12
E01002738,Islington,Violence Against the Person,Wounding/GBH,0,2008,4
E01003092,Lambeth,Criminal Damage,Criminal Damage To Dwelling,0,2013,6
E01003361,Merton,Violence Against the Person,Assault with Injury,0,2010,4
E01003170,Lambeth,Robbery,Personal Property,0,2012,4
E01003633,Newham,Fraud or Forgery,Counted per Victim,0,2009,8
E01000560,Brent,Criminal Damage,Other Criminal Damage,0,2014,9
E01000403,Bexley,Violence Against the Person,Wounding/GBH,0,2011,3
E01001237,Ealing,Violence Against the Person,Offensive Weapon,0,2008,8
E01003853,Richmond upon Thames,Burglary,Burglary in a Dwelling,0,2013,12
E01001328,Ealing,Criminal Damage,Criminal Damage To Other Building,1,2012,4
E01001330,Ealing,Criminal Damage,Criminal Damage To Other Building,0,2012,2
E01002732,Islington,Fraud or Forgery,Counted per Victim,0,2014,6
E01000914,Camden,Theft and Handling,Theft/Taking of Pedal Cycle,18,2011,6
E01003907,Richmond upon Thames,Burglary,Burglary in a Dwelling,2,2012,11
E01003894,Richmond upon Thames,Drugs,Possession Of Drugs,0,2012,12
E01000662,Bromley,Violence Against the Person,Harassment,1,2013,8
E01003708,Redbridge,Burglary,Burglary in a Dwelling,0,2009,4
E01003763,Redbridge,Burglary,Burglary in a Dwelling,0,2012,8
E01001177,Croydon,Drugs,Drug Trafficking,0,2008,11
E01004515,Wandsworth,Violence Against the Person,Harassment,0,2016,11
E01003314,Lewisham,Drugs,Possession Of Drugs,1,2012,5
E01003513,Newham,Criminal Damage,Other Criminal Damage,0,2009,7
E01000446,Bexley,Robbery,Personal Property,0,2016,1
E01001216,Ealing,Criminal Damage,Criminal Damage To Motor Vehicle,0,2012,9
E01003121,Lambeth,Theft and Handling,Theft From Motor Vehicle,0,2010,7
E01002057,Haringey,Criminal Damage,Criminal Damage To Other Building,0,2013,2
E01002650,Hounslow,Criminal Damage,Other Criminal Damage,1,2016,2
E01003389,Merton,Robbery,Business Property,0,2013,10
E01000628,Brent,Criminal Damage,Criminal Damage To Dwelling,1,2009,6
E01000220,Barnet,Other Notifiable Offences,Other Notifiable,0,2013,4
E01001276,Ealing,Fraud or Forgery,Counted per Victim,0,2008,11
E01003771,Redbridge,Other Notifiable Offences,Other Notifiable,0,2016,5
E01001330,Ealing,Burglary,Burglary in a Dwelling,1,2013,5
E01003259,Lewisham,Drugs,Possession Of Drugs,1,2012,7
E01001950,Hammersmith and Fulham,Other Notifiable Offences,Other Notifiable,0,2009,3
E01032569,Croydon,Criminal Damage,Other Criminal Damage,0,2015,4
E01003350,Lewisham,Drugs,Drug Trafficking,0,2016,7
E01001588,Greenwich,Violence Against the Person,Wounding/GBH,1,2012,5
E01003169,Lambeth,Theft and Handling,Motor Vehicle Interference & Tampering,0,2013,2
E01004736,Westminster,Violence Against the Person,Common Assault,10,2013,1
E01004108,Sutton,Theft and Handling,Theft From Motor Vehicle,0,2011,5
E01001065,Croydon,Theft and Handling,Theft/Taking Of Motor Vehicle,1,2009,7
E01004659,Westminster,Violence Against the Person,Common Assault,1,2016,2
E01002457,Hillingdon,Violence Against the Person,Harassment,2,2012,2
E01004744,Westminster,Violence Against the Person,Wounding/GBH,0,2009,10
E01000107,Barking and Dagenham,Criminal Damage,Other Criminal Damage,0,2011,3
E01002929,Kingston upon Thames,Theft and Handling,Theft From Shops,0,2013,11
E01032574,Enfield,Theft and Handling,Other Theft,0,2010,1
E01002019,Haringey,Violence Against the Person,Wounding/GBH,0,2016,12
E01001038,Croydon,Burglary,Burglary in a Dwelling,2,2011,5
E01001023,Croydon,Violence Against the Person,Wounding/GBH,0,2016,10
E01000612,Brent,Violence Against the Person,Wounding/GBH,0,2013,9
E01001861,Hammersmith and Fulham,Criminal Damage,Other Criminal Damage,0,2010,6
E01004724,Westminster,Violence Against the Person,Harassment,0,2009,12
E01000989,Croydon,Violence Against the Person,Offensive Weapon,0,2016,2
E01000688,Bromley,Theft and Handling,Other Theft Person,0,2008,10
E01004421,Waltham Forest,Violence Against the Person,Wounding/GBH,0,2008,1
E01002073,Haringey,Theft and Handling,Theft/Taking Of Motor Vehicle,1,2011,9
E01001932,Hammersmith and Fulham,Violence Against the Person,Wounding/GBH,2,2010,12
E01003438,Merton,Violence Against the Person,Harassment,0,2011,6
E01000723,Bromley,Theft and Handling,Theft/Taking of Pedal Cycle,1,2010,9
E01001595,Greenwich,Theft and Handling,Motor Vehicle Interference & Tampering,0,2010,8
E01003240,Lewisham,Theft and Handling,Theft From Shops,0,2012,8
E01003059,Lambeth,Theft and Handling,Other Theft,2,2008,9
E01004763,Westminster,Theft and Handling,Handling Stolen Goods,0,2013,5
E01000728,Bromley,Drugs,Possession Of Drugs,1,2011,12
E01003737,Redbridge,Other Notifiable Offences,Going Equipped,0,2012,9
E01000842,Camden,Criminal Damage,Criminal Damage To Other Building,0,2008,9
E01004138,Sutton,Other Notifiable Offences,Other Notifiable,0,2012,12
E01003395,Merton,Violence Against the Person,Harassment,1,2016,6
E01001654,Greenwich,Robbery,Personal Property,0,2013,5
E01002372,Havering,Theft and Handling,Theft From Motor Vehicle,0,2010,7
E01003636,Newham,Theft and Handling,Motor Vehicle Interference & Tampering,0,2010,8
E01003110,Lambeth,Robbery,Personal Property,2,2013,1
E01003216,Lewisham,Criminal Damage,Criminal Damage To Motor Vehicle,0,2013,11
E01002968,Kingston upon Thames,Theft and Handling,Handling Stolen Goods,0,2009,4
E01002498,Hillingdon,Theft and Handling,Theft From Shops,0,2008,12
E01000172,Barnet,Robbery,Personal Property,0,2008,11
E01004351,Waltham Forest,Burglary,Burglary in a Dwelling,0,2015,3
E01002207,Harrow,Violence Against the Person,Common Assault,0,2011,10
E01000728,Bromley,Violence Against the Person,Harassment,2,2011,9
E01003262,Lewisham,Burglary,Burglary in Other Buildings,1,2008,12
E01000448,Bexley,Theft and Handling,Theft/Taking Of Motor Vehicle,0,2016,11
E01001933,Hammersmith and Fulham,Theft and Handling,Other Theft,5,2009,5
E01000336,Bexley,Drugs,Other Drugs,0,2010,6
E01002568,Hounslow,Robbery,Personal Property,1,2013,9
E01000514,Brent,Theft and Handling,Motor Vehicle Interference & Tampering,1,2012,11
E01001127,Croydon,Drugs,Possession Of Drugs,1,2012,11
E01033589,Redbridge,Theft and Handling,Motor Vehicle Interference & Tampering,0,2015,6
E01003078,Lambeth,Theft and Handling,Theft/Taking Of Motor Vehicle,0,2013,10
E01000641,Brent,Burglary,Burglary in a Dwelling,0,2016,1
E01004614,Wandsworth,Burglary,Burglary in a Dwelling,1,2014,4
E01002279,Havering,Criminal Damage,Criminal Damage To Motor Vehicle,1,2011,4
E01004657,Westminster,Theft and Handling,Other Theft,11,2008,9
E01003876,Richmond upon Thames,Burglary,Burglary in Other Buildings,0,2010,9
E01003681,Redbridge,Violence Against the Person,Wounding/GBH,1,2010,8
E01002949,Kingston upon Thames,Violence Against the Person,Harassment,0,2011,10
E01004480,Wandsworth,Burglary,Burglary in Other Buildings,0,2013,4
E01002943,Kingston upon Thames,Theft and Handling,Motor Vehicle Interference & Tampering,1,2015,12
E01003500,Newham,Violence Against the Person,Wounding/GBH,1,2010,6
E01004234,Tower Hamlets,Theft and Handling,Theft From Shops,0,2015,1
E01001410,Enfield,Theft and Handling,Handling Stolen Goods,0,2012,11
E01004661,Westminster,Drugs,Possession Of Drugs,2,2013,5
E01002703,Islington,Theft and Handling,Other Theft,1,2014,7
E01000553,Brent,Theft and Handling,Other Theft Person,0,2010,9
E01004681,Westminster,Theft and Handling,Other Theft,5,2011,12
E01002347,Havering,Violence Against the Person,Wounding/GBH,0,2011,10
E01003936,Southwark,Theft and Handling,Motor Vehicle Interference & Tampering,0,2009,9
E01003095,Lambeth,Violence Against the Person,Assault with Injury,1,2008,7
E01032720,Southwark,Criminal Damage,Criminal Damage To Motor Vehicle,2,2015,6
E01002812,Kensington and Chelsea,Burglary,Burglary in a Dwelling,0,2012,2
E01004651,Westminster,Violence Against the Person,Other violence,0,2013,9
E01002839,Kensington and Chelsea,Theft and Handling,Other Theft,0,2011,8
E01002652,Hounslow,Robbery,Business Property,0,2009,4
E01002022,Haringey,Robbery,Business Property,0,2015,8
E01001979,Haringey,Violence Against the Person,Wounding/GBH,2,2016,11
E01000246,Barnet,Robbery,Business Property,0,2015,8
E01003851,Richmond upon Thames,Criminal Damage,Criminal Damage To Other Building,0,2011,5
E01002263,Havering,Drugs,Drug Trafficking,0,2011,10
E01004689,Westminster,Other Notifiable Offences,Other Notifiable,1,2009,6
E01004698,Westminster,Drugs,Drug Trafficking,0,2015,9
E01000112,Barking and Dagenham,Violence Against the Person,Wounding/GBH,0,2014,12
E01001279,Ealing,Burglary,Burglary in Other Buildings,0,2016,9
E01001304,Ealing,Criminal Damage,Criminal Damage To Other Building,0,2013,3
E01004066,Southwark,Violence Against the Person,Wounding/GBH,1,2015,1
E01002752,Islington,Violence Against the Person,Assault with Injury,1,2011,12
E01004468,Waltham Forest,Drugs,Possession Of Drugs,0,2014,6
E01004669,Westminster,Theft and Handling,Other Theft,1,2012,7
E01003657,Redbridge,Criminal Damage,Criminal Damage To Other Building,0,2015,9
E01004742,Westminster,Criminal Damage,Criminal Damage To Motor Vehicle,0,2008,11
E01001245,Ealing,Drugs,Possession Of Drugs,0,2012,12
E01004619,Wandsworth,Other Notifiable Offences,Other Notifiable,0,2009,6
E01002819,Kensington and Chelsea,Violence Against the Person,Other violence,0,2012,9
E01001058,Croydon,Robbery,Business Property,0,2009,11
E01002870,Kensington and Chelsea,Other Notifiable Offences,Going Equipped,0,2016,1
E01004614,Wandsworth,Violence Against the Person,Offensive Weapon,0,2016,2
E01003055,Lambeth,Robbery,Business Property,0,2010,3
E01003398,Merton,Theft and Handling,Other Theft,0,2010,1
E01001454,Enfield,Violence Against the Person,Common Assault,1,2016,5
E01001200,Ealing,Drugs,Possession Of Drugs,1,2013,3
E01004740,Westminster,Violence Against the Person,Offensive Weapon,0,2016,3
E01002392,Hillingdon,Robbery,Business Property,0,2009,8
E01001776,Hackney,Other Notifiable Offences,Other Notifiable,0,2008,9
E01001741,Hackney,Theft and Handling,Other Theft Person,0,2016,8
E01003515,Newham,Violence Against the Person,Assault with Injury,1,2009,7
E01000903,Camden,Violence Against the Person,Wounding/GBH,0,2009,5
E01003324,Lewisham,Theft and Handling,Theft/Taking of Pedal Cycle,0,2010,10
E01000885,Camden,Criminal Damage,Criminal Damage To Other Building,0,2009,4
E01003955,Southwark,Theft and Handling,Theft From Motor Vehicle,0,2015,11
E01001890,Hammersmith and Fulham,Violence Against the Person,Other violence,0,2015,4
E01003550,Newham,Criminal Damage,Criminal Damage To Other Building,0,2008,9
E01000948,Camden,Robbery,Business Property,0,2009,3
E01003906,Richmond upon Thames,Other Notifiable Offences,Other Notifiable,0,2010,9
E01003631,Newham,Sexual Offences,Rape,0,2015,5
E01033743,Greenwich,Theft and Handling,Theft From Motor Vehicle,2,2012,12
E01002846,Kensington and Chelsea,Violence Against the Person,Wounding/GBH,1,2008,12
E01000577,Brent,Criminal Damage,Criminal Damage To Dwelling,0,2013,11
E01000089,Barking and Dagenham,Drugs,Possession Of Drugs,0,2009,6
E01002027,Haringey,Violence Against the Person,Common Assault,0,2011,8
E01002509,Hillingdon,Theft and Handling,Theft From Shops,0,2016,6
E01000525,Brent,Theft and Handling,Motor Vehicle Interference & Tampering,0,2016,5
E01003606,Newham,Drugs,Possession Of Drugs,0,2012,4
E01003181,Lambeth,Theft and Handling,Other Theft Person,0,2009,5
E01003848,Richmond upon Thames,Violence Against the Person,Common Assault,0,2014,5
E01000165,Barnet,Violence Against the Person,Harassment,0,2012,4
E01003046,Lambeth,Violence Against the Person,Murder,0,2008,3
E01001698,Greenwich,Violence Against the Person,Common Assault,1,2014,9
E01001095,Croydon,Burglary,Burglary in a Dwelling,0,2016,9
E01001787,Hackney,Theft and Handling,Handling Stolen Goods,0,2014,12
E01032640,Southwark,Violence Against the Person,Other violence,0,2008,2
E01001035,Croydon,Theft and Handling,Motor Vehicle Interference & Tampering,0,2009,7
E01004321,Tower Hamlets,Violence Against the Person,Wounding/GBH,1,2015,9
E01003218,Lewisham,Criminal Damage,Other Criminal Damage,0,2011,5
E01001440,Enfield,Theft and Handling,Theft/Taking of Pedal Cycle,0,2009,12
E01033085,Haringey,Violence Against the Person,Assault with Injury,2,2015,3
E01000323,Barnet,Violence Against the Person,Wounding/GBH,0,2014,11
E01003247,Lewisham,Burglary,Burglary in a Dwelling,1,2008,4
E01002749,Islington,Drugs,Possession Of Drugs,0,2009,8
E01002346,Havering,Violence Against the Person,Wounding/GBH,0,2009,12
E01032577,Hillingdon,Violence Against the Person,Wounding/GBH,0,2013,9
E01003084,Lambeth,Theft and Handling,Theft From Shops,0,2009,7
E01000876,Camden,Drugs,Drug Trafficking,0,2014,3
E01004384,Waltham Forest,Drugs,Possession Of Drugs,1,2010,12
E01033487,Islington,Theft and Handling,Motor Vehicle Interference & Tampering,0,2010,10
E01002061,Haringey,Theft and Handling,Theft From Motor Vehicle,11,2009,7
E01001753,Hackney,Theft and Handling,Other Theft Person,0,2009,4
E01004516,Wandsworth,Drugs,Possession Of Drugs,0,2012,10
E01002742,Islington,Drugs,Possession Of Drugs,1,2013,8
E01003368,Merton,Violence Against the Person,Common Assault,0,2016,9
E01003098,Lambeth,Violence Against the Person,Other violence,0,2013,8
E01003149,Lambeth,Fraud or Forgery,Counted per Victim,0,2016,2
E01003738,Redbridge,Violence Against the Person,Wounding/GBH,0,2013,10
E01001719,Hackney,Theft and Handling,Theft From Motor Vehicle,0,2014,10
E01003084,Lambeth,Robbery,Personal Property,0,2013,3
E01001135,Croydon,Burglary,Burglary in Other Buildings,1,2009,3
E01032722,Southwark,Other Notifiable Offences,Other Notifiable,0,2009,5
E01004708,Westminster,Theft and Handling,Theft From Shops,0,2011,5
E01001498,Enfield,Theft and Handling,Theft From Motor Vehicle,2,2008,6
E01002387,Havering,Theft and Handling,Theft/Taking of Pedal Cycle,0,2008,1
E01001659,Greenwich,Criminal Damage,Criminal Damage To Motor Vehicle,1,2014,1
E01033735,Greenwich,Drugs,Possession Of Drugs,3,2016,3
E01003824,Richmond upon Thames,Violence Against the Person,Wounding/GBH,0,2013,9
E01002689,Hounslow,Burglary,Burglary in Other Buildings,0,2013,11
E01003693,Redbridge,Criminal Damage,Other Criminal Damage,0,2016,5
E01002101,Haringey,Other Notifiable Offences,Other Notifiable,0,2011,12
E01000436,Bexley,Drugs,Other Drugs,0,2016,1
E01003757,Redbridge,Theft and Handling,Theft/Taking Of Motor Vehicle,1,2010,8
E01001649,Greenwich,Violence Against the Person,Offensive Weapon,0,2009,3
E01000366,Bexley,Theft and Handling,Theft/Taking Of Motor Vehicle,0,2016,12
E01000796,Bromley,Theft and Handling,Theft/Taking of Pedal Cycle,0,2014,9
E01003906,Richmond upon Thames,Robbery,Personal Property,0,2009,6
E01003833,Richmond upon Thames,Violence Against the Person,Other violence,0,2009,8
E01003726,Redbridge,Violence Against the Person,Assault with Injury,1,2014,7
E01001994,Haringey,Violence Against the Person,Harassment,0,2014,9
E01000331,Bexley,Violence Against the Person,Harassment,2,2015,12
E01003986,Southwark,Drugs,Drug Trafficking,0,2012,8
E01003624,Newham,Violence Against the Person,Common Assault,0,2010,7
E01001991,Haringey,Violence Against the Person,Offensive Weapon,0,2009,12
E01004662,Westminster,Violence Against the Person,Assault with Injury,0,2012,10
E01001221,Ealing,Burglary,Burglary in a Dwelling,1,2009,9
E01001213,Ealing,Theft and Handling,Theft From Motor Vehicle,3,2011,5
E01003330,Lewisham,Violence Against the Person,Common Assault,0,2012,8
E01002239,Harrow,Drugs,Drug Trafficking,0,2012,7
E01003833,Richmond upon Thames,Theft and Handling,Theft/Taking of Pedal Cycle,0,2011,8
E01004541,Wandsworth,Violence Against the Person,Harassment,2,2016,9
E01002287,Havering,Violence Against the Person,Other violence,0,2014,5
E01001669,Greenwich,Violence Against the Person,Offensive Weapon,0,2013,12
E01002306,Havering,Theft and Handling,Motor Vehicle Interference & Tampering,0,2008,11
E01004516,Wandsworth,Theft and Handling,Other Theft Person,0,2010,7
E01001415,Enfield,Violence Against the Person,Wounding/GBH,0,2011,12
E01002777,Islington,Theft and Handling,Theft From Motor Vehicle,1,2009,8
E01000375,Bexley,Criminal Damage,Criminal Damage To Dwelling,0,2009,8
E01001800,Hackney,Drugs,Drug Trafficking,0,2009,5
E01004452,Waltham Forest,Violence Against the Person,Harassment,2,2015,9
E01032780,Tower Hamlets,Drugs,Possession Of Drugs,0,2013,12
E01000994,Croydon,Violence Against the Person,Common Assault,1,2011,4
E01001909,Hammersmith and Fulham,Criminal Damage,Criminal Damage To Dwelling,1,2010,5
E01003957,Southwark,Other Notifiable Offences,Other Notifiable,0,2015,4
E01004355,Waltham Forest,Criminal Damage,Other Criminal Damage,1,2011,5
E01000736,Bromley,Burglary,Burglary in Other Buildings,2,2011,9
E01002676,Hounslow,Theft and Handling,Motor Vehicle Interference & Tampering,0,2012,1
E01004321,Tower Hamlets,Theft and Handling,Other Theft,2,2016,1
E01000425,Bexley,Drugs,Drug Trafficking,0,2009,6
E01000198,Barnet,Other Notifiable Offences,Other Notifiable,0,2012,7
E01000984,Croydon,Robbery,Business Property,0,2014,9
E01004681,Westminster,Violence Against the Person,Offensive Weapon,0,2009,3
E01000502,Brent,Robbery,Personal Property,0,2013,1
E01001572,Greenwich,Violence Against the Person,Assault with Injury,2,2008,10
E01002010,Haringey,Violence Against the Person,Offensive Weapon,0,2008,5
E01000389,Bexley,Other Notifiable Offences,Other Notifiable,1,2016,5
E01003319,Lewisham,Violence Against the Person,Common Assault,1,2012,7
E01000706,Bromley,Violence Against the Person,Wounding/GBH,0,2008,9
E01001410,Enfield,Theft and Handling,Handling Stolen Goods,0,2011,6
E01001261,Ealing,Violence Against the Person,Offensive Weapon,0,2009,4
E01001965,Haringey,Violence Against the Person,Harassment,0,2016,12
E01001528,Enfield,Robbery,Business Property,0,2014,1
E01000019,Barking and Dagenham,Theft and Handling,Theft/Taking of Pedal Cycle,0,2011,4
E01000339,Bexley,Theft and Handling,Motor Vehicle Interference & Tampering,1,2013,1
E01003776,Redbridge,Theft and Handling,Motor Vehicle Interference & Tampering,0,2010,8
E01003854,Richmond upon Thames,Criminal Damage,Other Criminal Damage,0,2011,4
E01004242,Tower Hamlets,Violence Against the Person,Assault with Injury,4,2008,1
E01003496,Newham,Violence Against the Person,Offensive Weapon,0,2014,5
E01001023,Croydon,Fraud or Forgery,Counted per Victim,0,2012,12
E01003623,Newham,Violence Against the Person,Common Assault,2,2009,10
E01002167,Harrow,Robbery,Personal Property,0,2014,1
E01002793,Islington,Violence Against the Person,Offensive Weapon,0,2016,5
E01003988,Southwark,Theft and Handling,Theft/Taking Of Motor Vehicle,2,2013,6
E01001925,Hammersmith and Fulham,Drugs,Possession Of Drugs,1,2016,2
E01000022,Barking and Dagenham,Violence Against the Person,Common Assault,1,2016,1
E01004521,Wandsworth,Burglary,Burglary in a Dwelling,0,2014,5
E01002489,Hillingdon,Violence Against the Person,Common Assault,0,2013,9
E01004194,Sutton,Theft and Handling,Theft/Taking Of Motor Vehicle,0,2012,12
E01000909,Camden,Robbery,Personal Property,1,2015,11
E01004285,Tower Hamlets,Theft and Handling,Theft From Shops,0,2010,10
E01002073,Haringey,Other Notifiable Offences,Other Notifiable,0,2013,8
E01003203,Lewisham,Drugs,Possession Of Drugs,0,2009,7
E01003581,Newham,Drugs,Possession Of Drugs,0,2009,3
E01002538,Hillingdon,Criminal Damage,Other Criminal Damage,0,2014,5
E01002473,Hillingdon,Violence Against the Person,Assault with Injury,0,2016,11
E01004508,Wandsworth,Theft and Handling,Other Theft,2,2010,2
E01002793,Islington,Violence Against the Person,Wounding/GBH,0,2013,7
E01001297,Ealing,Other Notifiable Offences,Other Notifiable,0,2012,8
E01000765,Bromley,Violence Against the Person,Harassment,3,2015,10
E01001604,Greenwich,Robbery,Personal Property,1,2016,7
E01002344,Havering,Fraud or Forgery,Counted per Victim,0,2012,9
E01003475,Merton,Other Notifiable Offences,Other Notifiable,0,2015,10
E01001948,Hammersmith and Fulham,Theft and Handling,Theft/Taking of Pedal Cycle,0,2015,7
E01003343,Lewisham,Burglary,Burglary in Other Buildings,0,2011,12
E01003414,Merton,Burglary,Burglary in a Dwelling,9,2008,11
E01004569,Wandsworth,Violence Against the Person,Other violence,0,2009,10
E01000131,Barnet,Violence Against the Person,Harassment,1,2016,3
E01000810,Bromley,Criminal Damage,Other Criminal Damage,0,2011,9
E01002969,Kingston upon Thames,Other Notifiable Offences,Other Notifiable,0,2016,11
E01003785,Redbridge,Violence Against the Person,Harassment,1,2012,12
E01002633,Hounslow,Theft and Handling,Handling Stolen Goods,0,2010,1
E01001605,Greenwich,Theft and Handling,Theft/Taking of Pedal Cycle,0,2012,9
E01002722,Islington,Violence Against the Person,Assault with Injury,0,2014,11
E01000378,Bexley,Drugs,Possession Of Drugs,2,2009,2
E01004407,Waltham Forest,Violence Against the Person,Assault with Injury,4,2014,7
E01004173,Sutton,Criminal Damage,Criminal Damage To Dwelling,0,2013,10
E01000307,Barnet,Violence Against the Person,Common Assault,1,2012,1
E01000466,Bexley,Robbery,Business Property,0,2013,3
E01001930,Hammersmith and Fulham,Violence Against the Person,Offensive Weapon,0,2015,6
E01003177,Lambeth,Fraud or Forgery,Counted per Victim,0,2010,9
E01000240,Barnet,Theft and Handling,Theft From Shops,0,2014,5
E01004013,Southwark,Drugs,Drug Trafficking,0,2011,8
E01033493,Islington,Robbery,Business Property,0,2009,3
E01000255,Barnet,Criminal Damage,Other Criminal Damage,1,2010,3
E01004018,Southwark,Violence Against the Person,Harassment,0,2009,1
E01004416,Waltham Forest,Violence Against the Person,Offensive Weapon,0,2012,1
E01004191,Sutton,Theft and Handling,Theft From Shops,0,2014,5
E01001755,Hackney,Theft and Handling,Handling Stolen Goods,0,2008,9
E01004330,Waltham Forest,Other Notifiable Offences,Other Notifiable,0,2013,7
E01001095,Croydon,Burglary,Burglary in a Dwelling,1,2014,9
E01004742,Westminster,Theft and Handling,Motor Vehicle Interference & Tampering,0,2016,11
E01000164,Barnet,Theft and Handling,Theft From Shops,2,2016,5
E01033702,Hackney,Criminal Damage,Other Criminal Damage,0,2009,5
E01001635,Greenwich,Theft and Handling,Theft From Shops,0,2014,4
E01002537,Hillingdon,Theft and Handling,Handling Stolen Goods,0,2008,12
E01002435,Hillingdon,Other Notifiable Offences,Other Notifiable,0,2013,8
E01003421,Merton,Drugs,Possession Of Drugs,0,2014,5
E01003564,Newham,Violence Against the Person,Offensive Weapon,0,2016,6
E01000708,Bromley,Violence Against the Person,Assault with Injury,0,2016,4
E01000125,Barnet,Other Notifiable Offences,Other Notifiable,0,2015,8
E01000054,Barking and Dagenham,Drugs,Drug Trafficking,0,2008,6
E01001594,Greenwich,Violence Against the Person,Common Assault,1,2013,10
E01002501,Hillingdon,Theft and Handling,Other Theft,0,2015,7
E01003321,Lewisham,Burglary,Burglary in Other Buildings,0,2011,7
E01001701,Greenwich,Theft and Handling,Theft From Motor Vehicle,0,2012,8
E01002434,Hillingdon,Drugs,Possession Of Drugs,0,2013,1
E01003672,Redbridge,Violence Against the Person,Assault with Injury,0,2016,11
E01003526,Newham,Theft and Handling,Theft From Shops,0,2016,1
E01003445,Merton,Theft and Handling,Theft/Taking of Pedal Cycle,0,2014,9
E01002232,Harrow,Violence Against the Person,Other violence,0,2012,11
E01002978,Kingston upon Thames,Theft and Handling,Other Theft,0,2013,12
E01000249,Barnet,Theft and Handling,Handling Stolen Goods,0,2009,3
E01000901,Camden,Theft and Handling,Theft From Motor Vehicle,0,2013,5
E01001085,Croydon,Violence Against the Person,Harassment,1,2010,3
E01002117,Harrow,Theft and Handling,Other Theft Person,1,2008,11
E01003780,Redbridge,Violence Against the Person,Harassment,0,2015,6
E01002985,Kingston upon Thames,Theft and Handling,Theft From Motor Vehicle,0,2014,2
E01000192,Barnet,Violence Against the Person,Assault with Injury,0,2012,7
E01004698,Westminster,Theft and Handling,Theft From Shops,0,2014,6
E01002240,Harrow,Robbery,Business Property,0,2012,3
E01001529,Enfield,Theft and Handling,Theft From Motor Vehicle,2,2010,5
E01001783,Hackney,Burglary,Burglary in Other Buildings,0,2016,9
E01001166,Croydon,Theft and Handling,Theft/Taking of Pedal Cycle,0,2009,2
E01002656,Hounslow,Theft and Handling,Other Theft Person,0,2011,12
E01001278,Ealing,Other Notifiable Offences,Other Notifiable,0,2010,11
E01003187,Lambeth,Theft and Handling,Theft/Taking of Pedal Cycle,0,2009,12
E01003148,Lambeth,Violence Against the Person,Assault with Injury,0,2014,2
E01003857,Richmond upon Thames,Violence Against the Person,Offensive Weapon,0,2013,6
E01002430,Hillingdon,Theft and Handling,Theft/Taking of Pedal Cycle,0,2011,11
E01001552,Enfield,Burglary,Burglary in a Dwelling,2,2009,7
E01033598,Westminster,Drugs,Drug Trafficking,0,2009,9
E01002997,Kingston upon Thames,Theft and Handling,Theft/Taking of Pedal Cycle,0,2012,9
E01002538,Hillingdon,Violence Against the Person,Assault with Injury,1,2013,2
E01001712,Greenwich,Criminal Damage,Other Criminal Damage,2,2009,9
E01033486,Islington,Drugs,Other Drugs,0,2012,8
E01001239,Ealing,Violence Against the Person,Harassment,0,2014,8
E01032564,Lewisham,Drugs,Drug Trafficking,0,2008,11
E01001551,Enfield,Violence Against the Person,Offensive Weapon,0,2008,2
E01004175,Sutton,Criminal Damage,Criminal Damage To Other Building,0,2009,7
E01000135,Barnet,Theft and Handling,Theft From Motor Vehicle,3,2015,1
E01001530,Enfield,Theft and Handling,Theft/Taking Of Motor Vehicle,0,2014,5
E01000427,Bexley,Theft and Handling,Handling Stolen Goods,0,2013,3
E01001053,Croydon,Burglary,Burglary in a Dwelling,0,2015,8
E01000648,Bromley,Criminal Damage,Other Criminal Damage,1,2009,10
E01000360,Bexley,Robbery,Personal Property,2,2008,8
E01002191,Harrow,Theft and Handling,Theft/Taking Of Motor Vehicle,0,2008,6
E01002518,Hillingdon,Robbery,Business Property,0,2012,4
E01003312,Lewisham,Drugs,Possession Of Drugs,0,2015,5
E01003493,Newham,Violence Against the Person,Offensive Weapon,1,2009,8
E01004272,Tower Hamlets,Theft and Handling,Other Theft Person,0,2009,6
E01004019,Southwark,Theft and Handling,Theft From Shops,0,2013,2
E01002484,Hillingdon,Burglary,Burglary in a Dwelling,2,2014,3
E01000492,Brent,Violence Against the Person,Assault with Injury,0,2008,12
E01003247,Lewisham,Criminal Damage,Other Criminal Damage,1,2010,3
E01002771,Islington,Burglary,Burglary in Other Buildings,1,2013,6
E01003078,Lambeth,Burglary,Burglary in a Dwelling,2,2010,12
E01000017,Barking and Dagenham,Criminal Damage,Criminal Damage To Other Building,0,2009,12
E01002658,Hounslow,Criminal Damage,Other Criminal Damage,3,2011,5
E01000011,Barking and Dagenham,Drugs,Drug Trafficking,0,2012,7
E01003462,Merton,Theft and Handling,Other Theft Person,0,2014,10
E01000474,Brent,Drugs,Possession Of Drugs,0,2009,7
E01000171,Barnet,Drugs,Drug Trafficking,0,2010,4
E01004429,Waltham Forest,Drugs,Drug Trafficking,0,2008,2
E01004124,Sutton,Theft and Handling,Other Theft,0,2009,8
E01000634,Brent,Criminal Damage,Criminal Damage To Other Building,0,2016,3
E01002546,Hillingdon,Theft and Handling,Theft From Motor Vehicle,0,2016,11
E01003045,Lambeth,Drugs,Other Drugs,0,2008,2
E01003537,Newham,Theft and Handling,Other Theft,2,2013,4
E01001541,Enfield,Violence Against the Person,Assault with Injury,1,2011,1
E01003973,Southwark,Drugs,Other Drugs,0,2008,2
E01003945,Southwark,Criminal Damage,Criminal Damage To Dwelling,2,2011,5
E01003826,Richmond upon Thames,Drugs,Drug Trafficking,2,2009,1
E01001769,Hackney,Other Notifiable Offences,Other Notifiable,0,2013,9
E01004438,Waltham Forest,Criminal Damage,Criminal Damage To Dwelling,2,2009,4
E01002900,Kensington and Chelsea,Other Notifiable Offences,Other Notifiable,0,2016,9
E01000255,Barnet,Violence Against the Person,Other violence,0,2009,12
E01001001,Croydon,Theft and Handling,Theft/Taking of Pedal Cycle,0,2008,3
E01002059,Haringey,Criminal Damage,Criminal Damage To Motor Vehicle,0,2015,2
E01032743,Ealing,Violence Against the Person,Common Assault,1,2012,3
E01004333,Waltham Forest,Criminal Damage,Criminal Damage To Motor Vehicle,0,2013,3
E01003296,Lewisham,Criminal Damage,Criminal Damage To Motor Vehicle,2,2016,12
E01000746,Bromley,Drugs,Drug Trafficking,0,2011,3
E01003321,Lewisham,Fraud or Forgery,Other Fraud & Forgery,0,2015,6
E01001056,Croydon,Violence Against the Person,Harassment,1,2013,3
E01000704,Bromley,Theft and Handling,Theft From Shops,0,2009,5
E01003576,Newham,Criminal Damage,Criminal Damage To Other Building,0,2010,4
E01001265,Ealing,Fraud or Forgery,Counted per Victim,0,2011,6
